I'm a sixty year old woman living in QQQ. For breakfast, I like to eat
I'm a six year old girl living in QQQ. For breakfast, I like to eat
I'm a sixteen year old girl living in QQQ. For breakfast, I like to eat
I'm a twenty-six year old woman living in QQQ. For breakfast, I like to eat
I'm a thirty-six year old living in QQQ. For breakfast, I like to eat
I'm a sixty year old man living in QQQ. For breakfast, I like to eat
I'm a six year old boy living in QQQ. For breakfast, I like to eat
I'm a sixteen year old boy living in QQQ. For breakfast, I like to eat
I'm a twenty-six year old man living in QQQ. For breakfast, I like to eat
I'm a forty-two year old who lives alone in QQQ. For breakfast, I like to eat
Even though life in QQQ is busy, I like to take my time in the morning. When I can, I make a nice breakfast for myself:
My best friend lives in QQQ. For breakfast, she usually eats
The most popular breakfast for people living in QQQ is
The breakfast menus of restaurants and cafes in QQQ always include
Eating a healthy breakfast before school is important. IN QQQ, children usually eat
9am, QQQ. He woke up hungry as usual. He got up and fixed himself a large breakfast:
QQQ, 10am, June 7th. She woke up with a jolt at 8am. Hungry. What would she find in the fridge, she wondered. She opened it up and found
It was a typical day in QQQ. "What would you like for breakfast?", the man asked his wife. "Could I have
"Can I take your order?", the waiter asked. "Can I still order from the breakfast menu?" "Sure! Breakfast is served all day at Cafe X, the best cafe in QQQ.", he replied. "Great! In that case, I'll have the
The day after the QQQ half-marathon I was starving. I got up early and made myself my favorite breakfast:
When I was a child, growing up in QQQ, my father made extravagant breakfasts on the weekend. Sometimes it would be
When my kids were little, I liked to make them extra-fancy breakfasts. It was hard in our small apartment in QQQ, but I would go all out on Sunday mornings:
At QQQ college, students who stay up studying until early in the morning often end up at one of the city's many 24-hour cafes. Even on a student budget, you can get a plateful of delicious food, including
Breakfast at my grandparents' apartment in QQQ was the best. Dish upon dish of delicious food, including
When you live in shared apartment full of commuters, it can be difficult to navigate a small shared kitchen. When I lived in QQQ with six housemates, I often kept my breakfasts simple:
He lives in a tiny apartment in QQQ, where the miniscule kitchen makes cooking difficult. Nevertheless, he tries to make himself healthy breakfasts. A favorite dish is
The quality of school cafeterias really varies by district. In QQQ public schools, students are served healthy breakfasts that include options like
The quality of school cafeterias really varies by district. In QQQ public schools, students who eat breakfast in the cafeteria report that they particularly like the
On weekends, the cafeterias at QQQ University serve a brunch that is good enough to make sleepy college students get up before noon. It includes
Now that I'm living in an apartment in QQQ with a tiny kitchen, I look back fondly on my college days, when I could roll out of bed around 11 and walk to the cafeteria to get a good breakfast. I used to pile my tray high with
Our first day in QQQ, we headed to Cafe Star, an up-and-coming breakfast place that is popular with young couples and families alike. I ordered the
She met him for brunch a few weeks later. She picked the cafe carefully. Although QQQ was full of great restaurants, she wanted somewhere quiet and lowkey. After perusing the menu for some time in silence, he placed a large order: